Id,Name,AccountNumber
001Dm000004PIGhIAO,GenePoint,CC978213
001Dm000004PIGfIAO,"United Oil & Gas, UK",CD355119-A
001Dm000004PIGgIAO,"United Oil & Gas, Singapore",CD355120-B
001Dm000004PIGXIA4,Edge Communications,CD451796
001Dm000004PIGYIA4,Burlington Textiles Corp of America,CD656092
001Dm000004PIGZIA4,Pyramid Construction Inc.,CC213425
001Dm000004PIGaIAO,Dickenson plc,CC634267
001Dm000004PIGbIAO,Grand Hotels & Resorts Ltd,CD439877
001Dm000004PIGdIAO,Express Logistics and Transport,CC947211
001Dm000004PIGeIAO,University of Arizona,CD736025
001Dm000004PIGcIAO,United Oil & Gas Corp.,CD355118
001Dm000004PIGiIAO,sForce,
001Dm000003xw6cIAA,Sample Account for Entitlements,
001Dm00000CsZX9IAN,Test Account,
001Dm00000CsWtRIAV,Trailhead Computing,
001Dm00000CsWh6IAF,SFDC Computing,
001Dm00000CsWh7IAF,The SFDC Query Man,
001Dm00000CsZlVIAV,Z6,